EVTNAME93;;;;;;;;;;;;;x
EVTNAME1;Icon Project Mod - Intro I;;;;Icon Project Mod - Intro I;;;;;;;;x
EVTDESC1;§RWelcome to the biggest mod for Victoria 2§!\n This mod focuses on improving the game development of the countries that in vanilla do not have so much playability or decisions, likewise, it adds historical factors to everyone, but, the best part of the mod is that it gives POSSIBILITIES to all countries and does not limit them only to historical facts.\n This mod includes:\n - §GNew country modifiers§!\n - §GMilitary and diplomatic improvements§!\n - §GNew starting and formable countries§!\n - §GNew big events, decisions and wars§!\n - §GImmigrant and colonial migration systems improved§!\n - §GA lot of bugs fixed§!;;;;§RBienvenidos al mod más grande para Victoria 2§!\n Este mod se enfoca en mejorar el desarrollo del juego de los países que no tienen tanta jugabilidad o decisiones, así mismo, agrega factores históricos a todos, pero, la mejor parte del mod es que da POSIBILIDADES a todos los países y no los limita solo a hechos históricos.\n Este mod incluye: \n - §GNuevos modificadores para países§!\n - §GMejoras militares y diplomáticas§! \n - §GNuevos países iniciales y formables§! \n - §GNuevos grandes eventos, decisiones y guerras§! \n - §GMejoras al sistema de inmigración y migración colonial§!\n - §GMuchos errores fueron corregidos§!;;;;;;;;x
EVTOPTA1;Im a mad scientist, its so cool, sanababisch;;;;Im a mad scientist, its so cool, sanababisch;;;;;;;;x
EVTNAME18;Icon Project Mod - Intro II;;;;Icon Project Mod - Intro II;;;;;;;;x
EVTDESC18;§RWhat more is new?§!\n - Master Quests to test pro-players\n - New nations in America, Asia and Africa\n - Improvement of the balance of prestige gain in some countries\n - Improvement of the war exhaustion system\n - All military units were adjusted\n - Daimyos vs Shogunate in Japan\n - Balance of researchpoints of China and Tokugawa\n - Few borders were adjusted to be more historically accurate\n - IPM's previous versions content has been included and improved;;;;§R¿Qué más es nuevo?§! \n - Desafíos Maestros para probar a los jugadores pro\n - Nuevas naciones en América, Asia y África\n - Mejora del equilibrio de la ganancia de prestigio en algunos países \n - Mejora del sistema de agotamiento de guerra \n - Todas las unidades militares fueron ajustadas \n - Daymios vs Shogunato en Japón \n - Los puntos de investigación fueron balanceados para China y Tokugawa\n - Algunas fronteras fueron ajustadas para ser historicamente correctas\n - El contenido de los anteriores IPM se ha incluido y mejorado;;;;;;;;x
EVTOPTA18;You, Incubators, are now necessary for us;;;;Ustedes, los Incubators, ahora son necesarios;;;;;;;;x
EVTNAME19;Icon Project Mod - Intro III;;;;Icon Project Mod - Intro III;;;;;;;;x
EVTDESC19;§RMore added improvements§!\n - Malaysia, Tanzania and Uganda are new formable nations\n - §GCuirassiers§! and §GMonitors§! were specially buffed, Monitors are now light ships\n - IA will try further blockeades and larger landings\n - Colonial races in SouthAmerica and Arabia are now more historically accurate\n - A new African Scramble system (only if Germany exists, obviously)\n - Child labour and conscripts systems added\n - Slave states bug fixed\n - New songs for improving the game comfort;;;;§RMás mejoras añadidas§!\n - Malasia, Tanzania y Uganda pueden ser formados\n - Los §GCoraceros§! y §GMonitores§! fueron mejorados, los Monitores ahora son barcos ligeros\n - La AI ahora intentará bloqueos más lejanos y desembarcos más grandes\n - Las carreras coloniales de Sudamérica y Arabia son más historicamente precisas\n - Nuevo sistema para el Reparto de África (Solo si Alemania existe, obviamente)\n - Se añadieron sistemas de Conscriptos y Trabajo infantil\n - El bug de los Estados Esclavos fue reparado\n - Nuevas canciones para mejorar la emoción del juego;;;;;;;;x
EVTOPTA19;SASAGEYO!!;;;;¡¡SASAGEYO!!;;;;;;;;x
EVTNAME70;Icon Project Mod - Intro IV;;;;Icon Project Mod - Intro IV;;;;;;;;x
EVTDESC70;-- §RCreative Commons Attribution 3.0 Unported CC by 3.0§! --\n §G1812 Overture§! by Tchaikosvky\n §GWinter Chimes§! by Kevin MacLeod\n §GWarrior§! by Yoitrax\n-- §RCreative Commons. Attribution 4.0 International License. CC By 4.0§! --\n §GAs Above, So below§! by Savfk\n -- §RFree Use Material - CoundCloud/sei_peridot§! --\n §GHanagoyomi§! by PeriTune\n This is a Free MOD made by The Icon, if you wanna support me, visit:\n §RYouTube§!: The Icon Gaming\n §GPatreon§!: iconprojectmod\n §YBuy Me A Coffe§!: TheIconModder;;;;-- §RCreative Commons Attribution 3.0 Unported CC de 3.0§! --\n §G1812 Overture§! de Tchaikosvky \n §GWinter Chimes§! de Kevin MacLeod\n §GWarrior§! de Yoitrax\n-- §RCreative Commons. Licencia internacional de atribución 4.0. CC By 4.0§! -- \n §GAs above, so below§! de Savfk\n -- §RFree Use Material - CoundCloud/sei_peridot§! --\n §GHanagoyomi§! de PeriTune\n  Este es un MOD gratuito creado por The Icon, si quieres apoyarme, visita:\n §RYouTube§!: The Icon Gaming\n §GPatreon§!: iconprojectmod\n §YBuy Me A Coffe§!: TheIconModder;;;;;;;;x
EVTOPTA70;I take a potato chip AND EAT IT!;;;;Tomo una papita ¡Y LA COMO!;;;;;;;;x
EVTNAME2;War of the Triple Alliance;;;;Guerra de la Triple Alianza;;;;;;;;x
EVTDESC2;The conflict was unleased at the end of 1864, when the Paraguayan president, Solano Lopez, decided to come to the aid of the government of Blanco's Party in Uruguay against the Colorado's Party, suported by Brazil and Argentina.\n On November 12, 1864, in retaliation for the Brazilian invasion of Uruguay, the Paraguayan government seized a Brazilian ship and invading the province of Matto Grosso and Corrientes, starting the war and declaring it the next day.;;;;El conflicto se desató a fines de 1864, cuando el presidente paraguayo, Solano López, decidió acudir en auxilio del gobierno del Partido Blanco en Uruguay contra el Partido Colorado, apoyado por Brasil y Argentina.\n El 12 de noviembre de 1864 , en represalia por la invasión brasileña a Uruguay, el gobierno paraguayo se apoderó de un barco brasileño e invadió la provincia de Matto Grosso y Corrientes, iniciando la guerra y declarándola al día siguiente.;;;;;;;;x
EVTOPTA2;Attack!;;;;¡Al ataque!;;;;;;;;x
EVTNAME3;The decision of Francisco Solano;;;;La decisión de Francisco Solano;;;;;;;;x
EVTDESC3;For years we have supported the Blancos party of Uruguay and relations between our countries are high, even so, the Empire of Brazil wants to impose a government in Uruguay to expand its influence in South America. \n To strenghen our position with Uruguay we have to expand our borders through the disputed territory, in this way we can provide better support to our ally. \n We can also step aside and avoid a possible aggression from the mighty Brazil.;;;;Durante años hemos apoyado al partido blanco de Uruguay y las relaciones entre nuestros países son altas, aún así, el Imperio de Brasil quiere imponer un gobierno en Uruguay para expandir su influencia en Sudamérica.\n Para fortalecer nuestra posición con Uruguay tenemos que expandir nuestras fronteras a través del territorio en disputa, de esta manera podremos brindar un mejor apoyo a nuestro aliado.\n También podriamos hacernos a un lado y evitar una posible agresión del poderoso Brasil pero dejaríamos solos a nuestros aliados.;;;;;;;;x
EVTOPTA3;Support Blanco's Party;;;;Apoyar al Partido Blanco;;;;;;;;x
EVTOPTB3;We don't want problems;;;;No queremos problemas;;;;;;;;x
EVTNAME4;Taking advantage on the border;;;;Tomando ventaja en la frontera;;;;;;;;x
EVTDESC4;The Blanco's party in Uruguay is a good ally for the Francisco Solano's government. Now, Brazil is accussing Uruguay of militarly supporting the Paraguayan invasion of Matto Grosso and started an aggressive diplomatic attack. Meanwhile, Paraguay can take advantage and anex more disputed territories.;;;;El partido de Blanco en Uruguay es un buen aliado para el gobierno de Francisco Solano. Ahora, Brasil acusa a Uruguay de apoyar militarmente la invasión paraguaya de Matto Grosso e inició un agresivo ataque diplomático. Mientras tanto, Paraguay puede aprovechar y anexar territorios más disputados.;;;;;;;;x
EVTOPTA4;Take them!;;;;¡Adelante!;;;;;;;;x
EVTNAME5;State of War is Declared;;;;Declarar Estado de Guerra;;;;;;;;x
EVTDESC5;Paraguay has shown annoyance and outrage at our invasion against Uruguay and there is a huge possibility that they will declare war, we must prepare our army and our reserves to face this threat and to protect our new ally, Uruguay.;;;;Paraguay ha mostrado molestia e indignación por nuestra invasión contra Uruguay y existe una gran posibilidad de que declaren la guerra, debemos preparar nuestro ejército y nuestras reservas para enfrentar esta amenaza y proteger a nuestro nuevo aliado, Uruguay.;;;;;;;;x
EVTOPTA5;Enact The Alianza;;;;Activar La Alianza;;;;;;;;x
EVTNAME6;Invade Corrientes;;;;Invación a Corrientes;;;;;;;;x
EVTDESC6;We cannot forgive Brazil's actions, so, we have declared war and, to hit, their economy, we have taken one of their ships. On the other hand, Argentina has not given us military access and we cannot reach Uruguay, so we will have to take more drastic actions.;;;;No podemos perdonar las acciones de Brasil, asi que hemos declarado la guerra y, para golpear su economía, hemos tomado uno de sus barcos. Por otro lado, Argentina no nos ha dado acceso militar y no podemos llegar a Uruguay, por lo que tendremos que tomar acciones más drásticas.;;;;;;;;x
EVTOPTA6;Take Corrientes;;;;Tomar Corrientes;;;;;;;;x
EVTNAME7;You are a COWARD;;;;Eres un COBARDE;;;;;;;;x
EVTDESC7;By rejecting the humble request of our ally, who is in serious troubles, we have shown that our actions are only self-interested and selfish, as well as showing the world that we are nothing but COWARDS.\n The stain of cowardice and disgrace will endure for decades.;;;;Al rechazar la humilde petición de nuestro aliado, el cual está en graves problemas, hemos demostrado que nuestras acciones solamente son de interés propio y egoísta, además de demostrarle al mundo que no somos más que unos cobardes.\n La mancha de la cobardía y de la deshonra perdurará por décadas.;;;;;;;;x
EVTOPTA7;Yes, I am a coward;;;;Sí, yo soy un cobarde;;;;;;;;x
EVTNAME8;French Intervention on Mexico;;;;Intervención francesa en México;;;;;;;;x
EVTDESC8;Mexico has rejected our proposal of the payment of debts, we need to show what happens when someone steal us.;;;;México ha rechazado nuestra propuesta para el pago de deudas, necesitamos mostrar qué pasa cuando alguien nos roba.;;;;;;;;x
EVTOPTA8;Send troops;;;;Enviar tropas;;;;;;;;x
EVTNAME9;American Purchase of British Colonies;;;;Compra estadounidense de colonias britanicas;;;;;;;;x
EVTDESC9;We have some colonies in the US continental territory, to avoid a conflict, they are offering us a high amount of money to sell them the colonies.;;;;Tenemos algunas colonias en territorio continental de Estados Unidos, para evitar un conflicto nos están ofreciendo una cantidad alta de dinero para venderles las colonias.;;;;;;;;x
EVTOPTA9;Sell them;;;;Vender;;;;;;;;x
EVTOPTB9;Don't sell them;;;;No vender;;;;;;;;x
EVTNAME10;UK accepts to sell them;;;;Reino Unido acepta vender;;;;;;;;x
EVTDESC10;The United Kingdom has accepted our request to purchase their colonies in our territory and they have agreed to the amount of money offered, so it only remains to pay them.;;;;Reino Unido ha aceptado nuestra petición de compra de sus colonias en nuestro territorio y han accedido a la cantidad de dinero ofrecido, por lo que solo queda pagarles.;;;;;;;;x
EVTOPTA10;Pay them;;;;Pagar;;;;;;;;x
EVTNAME11;UK does not accept;;;;Reino Unido no acepta;;;;;;;;x
EVTDESC11;The UK has rejected our generous offer, therefore it is time to follow our doctrine and take by force what we cannot take with money.;;;;Reino Unido ha rechazado nuestra generosa oferta, por lo tanto, es hora de seguir nuestra doctrina y tomar por la fuerza lo que no podemos tomar con dinero.;;;;;;;;x
EVTOPTA11;War;;;;Guerra;;;;;;;;x
EVTNAME12;Panama Canal has been lost;;;;Perdimos el Canal de Panamá;;;;;;;;x
EVTDESC12;We have lost possession and control of the Panama Canal and its province. Now the canal is in the hands of another nation.;;;;Hemos perdido la posesión y el control del Canal de Panamá y su provincia. Ahora el canal está en manos de otra nación.;;;;;;;;x
EVTOPTA12;There's nothing to do;;;;No hay nada que hacer;;;;;;;;x
EVTNAME13;Panama Canal has been gained;;;;Hemos obtenido el Canal de Panamá;;;;;;;;x
EVTDESC13;We have obtained control of the province of Panama and the canal and its buildings. The channel is completely ready to start operating under our flag.;;;;Hemos obtenido el control de la provincia de Panamá y del canal y sus edificaciones. El canal está completamente listo para comenzar a operar bajo nuestra bandera.;;;;;;;;x
EVTOPTA13;Open the Canal under our flag;;;;Abrir el Canal bajo nuestra bandera;;;;;;;;x
EVTNAME14;Suez Canal has been lost;;;;Perdimos el Canal de Suez;;;;;;;;x
EVTDESC14;We have lost possession and control of the Suez Canal and its province. Now the canal is in the hands of another nation.;;;;Hemos perdido la posesión y el control del Canal de Suez y su provincia. Ahora el canal está en manos de otra nación.;;;;;;;;x
EVTOPTA14;There's nothing to do;;;;No hay nada que hacer;;;;;;;;x
EVTNAME15;Suez Canal has been gained;;;;Hemos obtenido el Canal de Suez;;;;;;;;x
EVTDESC15;We have obtained control of the province of Suez and the canal and its buildings. The channel is completely ready to start operating under our flag.;;;;Hemos obtenido el control de la provincia de Suez y del canal y sus edificaciones. El canal está completamente listo para comenzar a operar bajo nuestra bandera.;;;;;;;;x
EVTOPTA15;Open the Canal under our flag;;;;Abrir el Canal bajo nuestra bandera;;;;;;;;x
EVTNAME16;Kiel Canal has been lost;;;;Perdimos el Canal de Kiel;;;;;;;;x
EVTDESC16;We have lost possession and control of the Kiel Canal and its province. Now the canal is in the hands of another nation.;;;;Hemos perdido la posesión y el control del Canal de Kiel y su provincia. Ahora el canal está en manos de otra nación.;;;;;;;;x
EVTOPTA16;There's nothing to do;;;;No hay nada que hacer;;;;;;;;x
EVTNAME17;Kiel Canal has been gained;;;;Hemos obtenido el Canal de Kiel;;;;;;;;x
EVTDESC17;We have obtained control of the province of Kiel and the canal and its buildings. The channel is completely ready to start operating under our flag.;;;;Hemos obtenido el control de la provincia de Kiel y del canal y sus edificaciones. El canal está completamente listo para comenzar a operar bajo nuestra bandera.;;;;;;;;x
EVTOPTA17;Open the Canal under our flag;;;;Abrir el Canal bajo nuestra bandera;;;;;;;;x
EVTNAME20;Expand Buenos Aires province;;;;Expandir provincia de Buenos Aires;;;;;;;;x
EVTDESC20;The Cono Sur region is an unexplored area with difficult climates and terrain, inhabited by nomads and tribes.\n Now, we have a group of explorers ready to leave, they only need money for supplies, although it depends on how much money the national budget has.\n This is a great opportunity for our nation to expand its borders since neighboring countries also have an interest in the region. We can make the decision to send them right now and get advantage or wait for a healthier economical moment.;;;;La región del Cono Sur es una zona inexplorada con climas y terrenos difíciles, habitada por nómadas y tribus.\n Ahora tenemos un grupo de exploradores listos para partir, solo necesitan dinero para víveres, aunque depende de cuánto presupuesto tiene el país.\n Esta es una gran oportunidad para que nuestra nación expanda sus fronteras ya que los países vecinos también tienen interés en la región. Podemos tomar la decisión de enviar a los exploradores ahora mismo y sacar ventaja o esperar un momento económico más saludable.;;;;;;;;x
EVTOPTA20;Send explorer now;;;;Enviar exploradores ahora;;;;;;;;x
EVTOPTB20;Maybe later;;;;Mejor después;;;;;;;;x
EVTNAME21;Our explorers needs supplies in Buenos Aires;;;;Exploradores en Buenos Aires necesitan suministros;;;;;;;;x
EVTDESC21;Our group of settlers in the Buenos Aires region have faced more difficult challenges than expected, there's the possibility that they need us to send them reserve supplies, although it is also possible that they will survive without support.\n Sending them supplies will help make the settlement more comfortable and safe, but it represents an extra expense for our weak economy.;;;;Nuestro grupo de colonos en la región de Buenos Aires ha enfrentado desafíos más difíciles de lo esperado, existe la posibilidad de que necesiten que les enviemos suministros de reserva, aunque también es posible que sobrevivan sin apoyo y unicamente con su experiencia... se supone que son expertos.\n Enviarles suministros ayudará a un asentamiento más cómodo y seguro, pero representa un gasto extra para nuestra débil economía.;;;;;;;;x
EVTOPTA21;Send them supplies and support;;;;Enviar suministros y apoyo;;;;;;;;x
EVTOPTB21;No, They have enough supplies;;;;No, dijeron que eran expertos, pueden solos;;;;;;;;x
EVTNAME22;Success in Buenos Aires;;;;Éxito en Buenos Aires;;;;;;;;x
EVTDESC22;The settlement has been a success, now it is a functional and safe city for our people. The new region is going to be incorporated into our country.\n \n           Glory to our nation;;;;El asentamiento ha sido un éxito, ahora es una ciudad funcional y segura para nuestra gente. La nueva región se incorporará a nuestro país.\n \n         Gloria a nuestra nación;;;;;;;;x
EVTOPTA22;Glory to our nation!;;;;¡Gloria a nuestra nación!;;;;;;;;x
EVTNAME23;Expand Los Rios province;;;;Expandir provincia de Los Rios;;;;;;;;x
EVTDESC23;The Cono Sur region is an unexplored area with difficult climates and terrain, inhabited by nomads and tribes.\n Now, we have a group of explorers ready to leave, they only need money for supplies, although it depends on how much money the national budget has.\n This is a great opportunity for our nation to expand its borders since neighboring countries also have an interest in the region. We can make the decision to send them right now and get advantage or wait for a healthier economical moment.;;;;La región del Cono Sur es una zona inexplorada con climas y terrenos difíciles, habitada por nómadas y tribus.\n Ahora tenemos un grupo de exploradores listos para partir, solo necesitan dinero para víveres, aunque depende de cuánto presupuesto tiene el país.\n Esta es una gran oportunidad para que nuestra nación expanda sus fronteras ya que los países vecinos también tienen interés en la región. Podemos tomar la decisión de enviar a los exploradores ahora mismo y sacar ventaja o esperar un momento económico más saludable.;;;;;;;;x
EVTOPTA23;Send explorer now;;;;Enviar exploradores ahora;;;;;;;;x
EVTOPTB23;Maybe later;;;;Mejor después;;;;;;;;x
EVTNAME24;Our explorers needs supplies in Los Rios;;;;Exploradores en Los Rios necesitan suministros;;;;;;;;x
EVTDESC24;Our group of settlers in the Los Rios region have faced more difficult challenges than expected, there's the possibility that they need us to send them reserve supplies, although it is also possible that they will survive without support.\n Sending them supplies will help make the settlement more comfortable and safe, but it represents an extra expense for our weak economy.;;;;Nuestro grupo de colonos en la región de Los Rios ha enfrentado desafíos más difíciles de lo esperado, existe la posibilidad de que necesiten que les enviemos suministros de reserva, aunque también es posible que sobrevivan sin apoyo y unicamente con su experiencia... se supone que son expertos.\n Enviarles suministros ayudará a un asentamiento más cómodo y seguro, pero representa un gasto extra para nuestra débil economía.;;;;;;;;x
EVTOPTA24;Send them supplies and support;;;;Enviar suministros y apoyo;;;;;;;;x
EVTOPTB24;No, They have enough supplies;;;;No, dijeron que eran expertos, pueden solos;;;;;;;;x
EVTNAME25;Success in Los Rios;;;;Éxito en Los Rios;;;;;;;;x
EVTDESC25;The settlement has been a success, now it is a functional and safe city for our people. The new region is going to be incorporated into our country.\n \n           Glory to our nation;;;;El asentamiento ha sido un éxito, ahora es una ciudad funcional y segura para nuestra gente. La nueva región se incorporará a nuestro país.\n \n         Gloria a nuestra nación;;;;;;;;x
EVTOPTA25;Glory to our nation!;;;;¡Gloria a nuestra nación!;;;;;;;;x
EVTNAME26;Explore Araucania region;;;;Explorar la region de Araucania;;;;;;;;x
EVTDESC26;The Cono Sur region is an unexplored area with difficult climates and terrain, inhabited by nomads and tribes.\n Now, we have a group of explorers ready to leave, they only need money for supplies, although it depends on how much money the national budget has.\n This is a great opportunity for our nation to expand its borders since neighboring countries also have an interest in the region. We can make the decision to send them right now and get advantage or wait for a healthier economical moment.\n Neither is it necessary to expand our nation even more, we have more important business to do at this time;;;;La región del Cono Sur es una zona inexplorada con climas y terrenos difíciles, habitada por nómadas y tribus.\n Ahora tenemos un grupo de exploradores listos para partir, solo necesitan dinero para víveres, aunque depende de cuánto dinero dispone el presupuesto nacional.\n Esta es una gran oportunidad para que nuestra nación expanda sus fronteras ya que los países vecinos también tienen interés en la región. Podemos tomar la decisión de enviarlos ahora mismo y sacar ventaja o esperar un momento económico más saludable.\n Tampoco es necesario expandir aún más nuestra nación, tenemos negocios más importantes que hacer en este momento.;;;;;;;;x
EVTOPTA26;Send explorer now;;;;Enviar exploradores ahora;;;;;;;;x
EVTOPTB26;Maybe later;;;;Mejor después;;;;;;;;x
EVTNAME27;Our explorers need medical supplies;;;;Los exploradores necesitan medicinas;;;;;;;;x
EVTDESC27;Our settlement in Araucania has been attacked by aggressive tribes and some of the explorers were injured, they need high quality medicine to recover faster. It is worth mentioning that a doctor goes with them and can treat them without spending even more money. There also the option to withdraw from the area and wait for a better moment.;;;;Nuestro asentamiento en Araucania ha sido atacado por tribus agresivas y algunos de los exploradores resultaron heridos, necesitan medicinas de alta calidad para recuperarse más rápido.\n Cabe mencionar que un médico los acompaña y puede tratarlos sin gastar aún más dinero.\n También existe la opción de retirarse de la zona y esperar un mejor momento.;;;;;;;;x
EVTOPTA27;Send them medicine and support;;;;Enviar medicinas y apoyo;;;;;;;;x
EVTOPTB27;No, let the doctor take care of them.;;;;No, deja que el doctor se encargue de ellos.;;;;;;;;x
EVTOPTC27;We must withdraw from the region for now;;;;Debemos retirarnos de la zona por ahora;;;;;;;;x
EVTNAME28;Success in Araucania;;;;Éxito en Araucania;;;;;;;;x
EVTDESC28;The settlement has been a success, now it is a functional and safe city for our people. The new region is going to be incorporated into our country.\n \n           Glory to our nation;;;;El asentamiento ha sido un éxito, ahora es una ciudad funcional y segura para nuestra gente. La nueva región se incorporará a nuestro país.\n \n         Gloria a nuestra nación;;;;;;;;x
EVTOPTA28;Glory to our nation!;;;;¡Gloria a nuestra nación!;;;;;;;;x
EVTNAME29;Expand La Pampa province;;;;Expandir provincia de La Pampa;;;;;;;;x
EVTDESC29;The Cono Sur region is an unexplored area with difficult climates and terrain, inhabited by nomads and tribes.\n Now, we have a group of explorers ready to leave, they only need money for supplies, although it depends on how much money the national budget has.\n This is a great opportunity for our nation to expand its borders since neighboring countries also have an interest in the region. We can make the decision to send them right now and get advantage or wait for a healthier economical moment.;;;;La región del Cono Sur es una zona inexplorada con climas y terrenos difíciles, habitada por nómadas y tribus.\n Ahora tenemos un grupo de exploradores listos para partir, solo necesitan dinero para víveres, aunque depende de cuánto presupuesto tiene el país.\n Esta es una gran oportunidad para que nuestra nación expanda sus fronteras ya que los países vecinos también tienen interés en la región. Podemos tomar la decisión de enviar a los exploradores ahora mismo y sacar ventaja o esperar un momento económico más saludable.;;;;;;;;x
EVTOPTA29;Send explorer now;;;;Enviar exploradores ahora;;;;;;;;x
EVTOPTB29;Maybe later;;;;Mejor después;;;;;;;;x
EVTNAME30;Our explorers needs supplies in La Pampa;;;;Exploradores en La Pampa necesitan suministros;;;;;;;;x
EVTDESC30;Our group of settlers in the La Pampa region have faced more difficult challenges than expected, there's the possibility that they need us to send them reserve supplies, although it is also possible that they will survive without support.\n Sending them supplies will help make the settlement more comfortable and safe, but it represents an extra expense for our weak economy.;;;;Nuestro grupo de colonos en la región de La Pampa ha enfrentado desafíos más difíciles de lo esperado, existe la posibilidad de que necesiten que les enviemos suministros de reserva, aunque también es posible que sobrevivan sin apoyo y unicamente con su experiencia... se supone que son expertos.\n Enviarles suministros ayudará a un asentamiento más cómodo y seguro, pero representa un gasto extra para nuestra débil economía.;;;;;;;;x
EVTOPTA30;Send them supplies and support;;;;Enviar suministros y apoyo;;;;;;;;x
EVTOPTB30;No, They have enough supplies;;;;No, dijeron que eran expertos, pueden solos;;;;;;;;x
EVTNAME31;Success in La Pampa;;;;Éxito en La Pampa;;;;;;;;x
EVTDESC31;The settlement has been a success, now it is a functional and safe city for our people. The new region is going to be incorporated into our country.\n \n           Glory to our nation;;;;El asentamiento ha sido un éxito, ahora es una ciudad funcional y segura para nuestra gente. La nueva región se incorporará a nuestro país.\n \n         Gloria a nuestra nación;;;;;;;;x
EVTOPTA31;Glory to our nation!;;;;¡Gloria a nuestra nación!;;;;;;;;x
EVTNAME32;Explore Rio Negro region;;;;Explorar la region de Rio Negro;;;;;;;;x
EVTDESC32;The Cono Sur region is an unexplored area with difficult climates and terrain, inhabited by nomads and tribes.\n Now, we have a group of explorers ready to leave, they only need money for supplies, although it depends on how much money the national budget has.\n This is a great opportunity for our nation to expand its borders since neighboring countries also have an interest in the region. We can make the decision to send them right now and get advantage or wait for a healthier economical moment.\n Neither is it necessary to expand our nation even more, we have more important business to do at this time;;;;La región del Cono Sur es una zona inexplorada con climas y terrenos difíciles, habitada por nómadas y tribus.\n Ahora tenemos un grupo de exploradores listos para partir, solo necesitan dinero para víveres, aunque depende de cuánto dinero dispone el presupuesto nacional.\n Esta es una gran oportunidad para que nuestra nación expanda sus fronteras ya que los países vecinos también tienen interés en la región. Podemos tomar la decisión de enviarlos ahora mismo y sacar ventaja o esperar un momento económico más saludable.\n Tampoco es necesario expandir aún más nuestra nación, tenemos negocios más importantes que hacer en este momento.;;;;;;;;x
EVTOPTA32;Send explorer now;;;;Enviar exploradores ahora;;;;;;;;x
EVTOPTB32;Maybe later;;;;Mejor después;;;;;;;;x
EVTNAME33;Our explorers need medical supplies;;;;Los exploradores necesitan medicinas;;;;;;;;x
EVTDESC33;Our settlement in Rio Negro has been attacked by aggressive tribes and some of the explorers were injured, they need high quality medicine to recover faster. It is worth mentioning that a doctor goes with them and can treat them without spending even more money. There also the option to withdraw from the area and wait for a better moment.;;;;Nuestro asentamiento en Rio Negro ha sido atacado por tribus agresivas y algunos de los exploradores resultaron heridos, necesitan medicinas de alta calidad para recuperarse más rápido.\n Cabe mencionar que un médico los acompaña y puede tratarlos sin gastar aún más dinero.\n También existe la opción de retirarse de la zona y esperar un mejor momento.;;;;;;;;x
EVTOPTA33;Send them medicine and support;;;;Enviar medicinas y apoyo;;;;;;;;x
EVTOPTB33;No, let the doctor take care of them.;;;;No, deja que el doctor se encargue de ellos.;;;;;;;;x
EVTOPTC33;We must withdraw from the region for now;;;;Debemos retirarnos de la zona por ahora;;;;;;;;x
EVTNAME34;Success in Rio Negro;;;;Éxito en Rio Negro;;;;;;;;x
EVTDESC34;The settlement has been a success, now it is a functional and safe city for our people. The new region is going to be incorporated into our country.\n \n           Glory to our nation;;;;El asentamiento ha sido un éxito, ahora es una ciudad funcional y segura para nuestra gente. La nueva región se incorporará a nuestro país.\n \n         Gloria a nuestra nación;;;;;;;;x
EVTOPTA34;Glory to our nation!;;;;¡Gloria a nuestra nación!;;;;;;;;x
EVTNAME35;Explore Rio Negro region;;;;Explorar la region de Rio Negro;;;;;;;;x
EVTDESC35;The Cono Sur region is an unexplored area with difficult climates and terrain, inhabited by nomads and tribes.\n Now, we have a group of explorers ready to leave, they only need money for supplies, although it depends on how much money the national budget has.\n This is a great opportunity for our nation to expand its borders since neighboring countries also have an interest in the region. We can make the decision to send them right now and get advantage or wait for a healthier economical moment.\n Neither is it necessary to expand our nation even more, we have more important business to do at this time;;;;La región del Cono Sur es una zona inexplorada con climas y terrenos difíciles, habitada por nómadas y tribus.\n Ahora tenemos un grupo de exploradores listos para partir, solo necesitan dinero para víveres, aunque depende de cuánto dinero dispone el presupuesto nacional.\n Esta es una gran oportunidad para que nuestra nación expanda sus fronteras ya que los países vecinos también tienen interés en la región. Podemos tomar la decisión de enviarlos ahora mismo y sacar ventaja o esperar un momento económico más saludable.\n Tampoco es necesario expandir aún más nuestra nación, tenemos negocios más importantes que hacer en este momento.;;;;;;;;x
EVTOPTA35;Send explorer now;;;;Enviar exploradores ahora;;;;;;;;x
EVTOPTB35;Maybe later;;;;Mejor después;;;;;;;;x
EVTNAME36;Our explorers need medical supplies;;;;Los exploradores necesitan medicinas;;;;;;;;x
EVTDESC36;Our settlement in Rio Negro has been attacked by aggressive tribes and some of the explorers were injured, they need high quality medicine to recover faster. It is worth mentioning that a doctor goes with them and can treat them without spending even more money. There also the option to withdraw from the area and wait for a better moment.;;;;Nuestro asentamiento en Rio Negro ha sido atacado por tribus agresivas y algunos de los exploradores resultaron heridos, necesitan medicinas de alta calidad para recuperarse más rápido.\n Cabe mencionar que un médico los acompaña y puede tratarlos sin gastar aún más dinero.\n También existe la opción de retirarse de la zona y esperar un mejor momento.;;;;;;;;x
EVTOPTA36;Send them medicine and support;;;;Enviar medicinas y apoyo;;;;;;;;x
EVTOPTB36;No, let the doctor take care of them.;;;;No, deja que el doctor se encargue de ellos.;;;;;;;;x
EVTOPTC36;We must withdraw from the region for now;;;;Debemos retirarnos de la zona por ahora;;;;;;;;x
EVTNAME37;Explore Araucania region;;;;Explorar la region de Araucania;;;;;;;;x
EVTDESC37;The Cono Sur region is an unexplored area with difficult climates and terrain, inhabited by nomads and tribes.\n Now, we have a group of explorers ready to leave, they only need money for supplies, although it depends on how much money the national budget has.\n This is a great opportunity for our nation to expand its borders since neighboring countries also have an interest in the region. We can make the decision to send them right now and get advantage or wait for a healthier economical moment.\n Neither is it necessary to expand our nation even more, we have more important business to do at this time;;;;La región del Cono Sur es una zona inexplorada con climas y terrenos difíciles, habitada por nómadas y tribus.\n Ahora tenemos un grupo de exploradores listos para partir, solo necesitan dinero para víveres, aunque depende de cuánto dinero dispone el presupuesto nacional.\n Esta es una gran oportunidad para que nuestra nación expanda sus fronteras ya que los países vecinos también tienen interés en la región. Podemos tomar la decisión de enviarlos ahora mismo y sacar ventaja o esperar un momento económico más saludable.\n Tampoco es necesario expandir aún más nuestra nación, tenemos negocios más importantes que hacer en este momento.;;;;;;;;x
EVTOPTA37;Send explorer now;;;;Enviar exploradores ahora;;;;;;;;x
EVTOPTB37;Maybe later;;;;Mejor después;;;;;;;;x
EVTOPTC37;No, we have no time for explorations;;;;No, ahora no tenemos tiempo para eso;;;;;;;;x
EVTNAME38;Our explorers need medical supplies;;;;Los exploradores necesitan medicinas;;;;;;;;x
EVTDESC38;Our settlement in Araucania has been attacked by aggressive tribes and some of the explorers were injured, they need high quality medicine to recover faster. It is worth mentioning that a doctor goes with them and can treat them without spending even more money. There also the option to withdraw from the area and wait for a better moment.;;;;Nuestro asentamiento en Araucania ha sido atacado por tribus agresivas y algunos de los exploradores resultaron heridos, necesitan medicinas de alta calidad para recuperarse más rápido.\n Cabe mencionar que un médico los acompaña y puede tratarlos sin gastar aún más dinero.\n También existe la opción de retirarse de la zona y esperar un mejor momento.;;;;;;;;x
EVTOPTA38;Send them medicine and support;;;;Enviar medicinas y apoyo;;;;;;;;x
EVTOPTB38;No, let the doctor take care of them.;;;;No, deja que el doctor se encargue de ellos.;;;;;;;;x
EVTOPTC38;We must withdraw from the region for now;;;;Debemos retirarnos de la zona por ahora;;;;;;;;x
EVTNAME39;Explore Septentrional region;;;;Explorar la region Septentrional;;;;;;;;x
EVTDESC39;The Cono Sur region is an unexplored area with difficult climates and terrain, inhabited by nomads and tribes.\n Now, we have a group of explorers ready to leave, they only need money for supplies, although it depends on how much money the national budget has.\n This is a great opportunity for our nation to expand its borders since neighboring countries also have an interest in the region. We can make the decision to send them right now and get advantage or wait for a healthier economical moment.\n Neither is it necessary to expand our nation even more, we have more important business to do at this time;;;;La región del Cono Sur es una zona inexplorada con climas y terrenos difíciles, habitada por nómadas y tribus.\n Ahora tenemos un grupo de exploradores listos para partir, solo necesitan dinero para víveres, aunque depende de cuánto dinero dispone el presupuesto nacional.\n Esta es una gran oportunidad para que nuestra nación expanda sus fronteras ya que los países vecinos también tienen interés en la región. Podemos tomar la decisión de enviarlos ahora mismo y sacar ventaja o esperar un momento económico más saludable.\n Tampoco es necesario expandir aún más nuestra nación, tenemos negocios más importantes que hacer en este momento.;;;;;;;;x
EVTOPTA39;Send explorer now;;;;Enviar exploradores ahora;;;;;;;;x
EVTOPTB39;Maybe later;;;;Mejor después;;;;;;;;x
EVTNAME40;We need to send more colonists;;;;Necesitamos enviar más colonos;;;;;;;;x
EVTDESC40;Our explorers in Patagonia Septentrional report that other nations have established settlements in the region, one of those is a Great Power. It is possible that they establish cities before us so we must make a decision.\n We can send twice as many settlers to the region and expect that those countries leave, although we could get in trouble with them.;;;;Nuestros exploradores en Patagonia Septentrional informan que otras naciones han establecido asentamientos en la región, una de ellas es una Gran Potencia. Es posible que establezcan ciudades antes que nosotros, así que debemos tomar una decisión.\n Podemos enviar el doble de colonos a la región y esperar que esos países se vayan, aunque podríamos tener problemas con ellos.;;;;;;;;x
EVTOPTA40;Send twice as many new groups of settlers;;;;Enviar el doble de colonizadores;;;;;;;;x
EVTOPTB40;There's no need to hurry, let's decide later;;;;No hay necesidad de apurarse, decidamos más tarde;;;;;;;;x
EVTOPTC40;Withdraw and avoid problems.;;;;Retirarse y evitar problemas;;;;;;;;x
EVTNAME41;Explore Septentrional region;;;;Explorar la region Septentrional;;;;;;;;x
EVTDESC41;The Cono Sur region is an unexplored area with difficult climates and terrain, inhabited by nomads and tribes.\n Now, we have a group of explorers ready to leave, they only need money for supplies, although it depends on how much money the national budget has.\n This is a great opportunity for our nation to expand its borders since neighboring countries also have an interest in the region. We can make the decision to send them right now and get advantage or wait for a healthier economical moment.\n Neither is it necessary to expand our nation even more, we have more important business to do at this time;;;;La región del Cono Sur es una zona inexplorada con climas y terrenos difíciles, habitada por nómadas y tribus.\n Ahora tenemos un grupo de exploradores listos para partir, solo necesitan dinero para víveres, aunque depende de cuánto dinero dispone el presupuesto nacional.\n Esta es una gran oportunidad para que nuestra nación expanda sus fronteras ya que los países vecinos también tienen interés en la región. Podemos tomar la decisión de enviarlos ahora mismo y sacar ventaja o esperar un momento económico más saludable.\n Tampoco es necesario expandir aún más nuestra nación, tenemos negocios más importantes que hacer en este momento.;;;;;;;;x
EVTOPTA41;Send explorer now;;;;Enviar exploradores ahora;;;;;;;;x
EVTOPTB41;Maybe later;;;;Mejor después;;;;;;;;x
EVTOPTC41;No, we have no time for explorations;;;;No, ahora no tenemos tiempo para eso;;;;;;;;x
EVTNAME42;We need to send more colonists;;;;Necesitamos enviar más colonos;;;;;;;;x
EVTDESC42;Our explorers in Patagonia Septentrional report that other nations have established settlements in the region, one of those is a Great Power. It is possible that they establish cities before us so we must make a decision.\n We can send twice as many settlers to the region and expect that those countries leave, although we could get in trouble with them.;;;;Nuestros exploradores en Patagonia Septentrional informan que otras naciones han establecido asentamientos en la región, una de ellas es una Gran Potencia. Es posible que establezcan ciudades antes que nosotros, así que debemos tomar una decisión.\n Podemos enviar el doble de colonos a la región y esperar que esos países se vayan, aunque podríamos tener problemas con ellos.;;;;;;;;x
EVTOPTA42;Send twice as many new groups of settlers;;;;Enviar el doble de colonizadores;;;;;;;;x
EVTOPTB42;There's no need to hurry, let's decide later;;;;No hay necesidad de apurarse, decidamos más tarde;;;;;;;;x
EVTOPTC42;Withdraw and avoid problems.;;;;Retirarse y evitar problemas;;;;;;;;x
EVTNAME43;Success in Patagonia Septentrional;;;;Éxito en Patagonia Septentrional;;;;;;;;x
EVTDESC43;The settlement has been a success, now it is a functional and safe city for our people. The new region is going to be incorporated into our country.\n \n           Glory to our nation;;;;El asentamiento ha sido un éxito, ahora es una ciudad funcional y segura para nuestra gente. La nueva región se incorporará a nuestro país.\n \n         Gloria a nuestra nación;;;;;;;;x
EVTOPTA43;Glory to our nation!;;;;¡Gloria a nuestra nación!;;;;;;;;x
EVTNAME44;Explore La Patagonia region;;;;Explorar la region de La Patagonia;;;;;;;;x
EVTDESC44;The Cono Sur region is an unexplored area with difficult climates and terrain, inhabited by nomads and tribes.\n Now, we have a group of explorers ready to leave, they only need money for supplies, although it depends on how much money the national budget has.\n This is a great opportunity for our nation to expand its borders since neighboring countries also have an interest in the region. We can make the decision to send them right now and get advantage or wait for a healthier economical moment.\n Neither is it necessary to expand our nation even more, we have more important business to do at this time;;;;La región del Cono Sur es una zona inexplorada con climas y terrenos difíciles, habitada por nómadas y tribus.\n Ahora tenemos un grupo de exploradores listos para partir, solo necesitan dinero para víveres, aunque depende de cuánto dinero dispone el presupuesto nacional.\n Esta es una gran oportunidad para que nuestra nación expanda sus fronteras ya que los países vecinos también tienen interés en la región. Podemos tomar la decisión de enviarlos ahora mismo y sacar ventaja o esperar un momento económico más saludable.\n Tampoco es necesario expandir aún más nuestra nación, tenemos negocios más importantes que hacer en este momento.;;;;;;;;x
EVTOPTA44;Send explorer now;;;;Enviar exploradores ahora;;;;;;;;x
EVTOPTB44;Maybe later;;;;Mejor después;;;;;;;;x
EVTNAME45;We need to send more colonists;;;;Necesitamos enviar mas colonos;;;;;;;;x
EVTDESC45;Our explorers in La Patagonia report that other nations have established settlements in the region, one of those is a Great Power. It is possible that they establish cities before us so we must make a decision.\n We can send twice as many settlers to the region and expect that those countries leave, although we could get in trouble with them.;;;;Nuestros exploradores en La Patagonia informan que otras naciones han establecido asentamientos en la región, una de ellas es una Gran Potencia. Es posible que establezcan ciudades antes que nosotros, así que debemos tomar una decisión.\n Podemos enviar el doble de colonos a la región y esperar que esos países se vayan, aunque podríamos tener problemas con ellos.;;;;;;;;x
EVTOPTA45;Send twice as many new groups of settlers;;;;Enviar el doble de colonizadores;;;;;;;;x
EVTOPTB45;There's no need to hurry, let's decide later;;;;No hay necesidad de apurarse, decidamos más tarde;;;;;;;;x
EVTOPTC45;Withdraw and avoid problems.;;;;Retirarse y evitar problemas;;;;;;;;x
EVTNAME46;Explore La Patagonia region;;;;Explorar la region de La Patagonia;;;;;;;;x
EVTDESC46;The Cono Sur region is an unexplored area with difficult climates and terrain, inhabited by nomads and tribes.\n Now, we have a group of explorers ready to leave, they only need money for supplies, although it depends on how much money the national budget has.\n This is a great opportunity for our nation to expand its borders since neighboring countries also have an interest in the region. We can make the decision to send them right now and get advantage or wait for a healthier economical moment.\n Neither is it necessary to expand our nation even more, we have more important business to do at this time;;;;La región del Cono Sur es una zona inexplorada con climas y terrenos difíciles, habitada por nómadas y tribus.\n Ahora tenemos un grupo de exploradores listos para partir, solo necesitan dinero para víveres, aunque depende de cuánto dinero dispone el presupuesto nacional.\n Esta es una gran oportunidad para que nuestra nación expanda sus fronteras ya que los países vecinos también tienen interés en la región. Podemos tomar la decisión de enviarlos ahora mismo y sacar ventaja o esperar un momento económico más saludable.\n Tampoco es necesario expandir aún más nuestra nación, tenemos negocios más importantes que hacer en este momento.;;;;;;;;x
EVTOPTA46;Send explorer now;;;;Enviar exploradores ahora;;;;;;;;x
EVTOPTB46;Maybe later;;;;Mejor después;;;;;;;;x
EVTOPTC46;No, we have no time for explorations;;;;No, ahora no tenemos tiempo para eso;;;;;;;;x
EVTNAME47;We need to send more colonists;;;;Necesitamos enviar mas colonos;;;;;;;;x
EVTDESC47;Our explorers in La Patagonia report that other nations have established settlements in the region, one of those is a Great Power. It is possible that they establish cities before us so we must make a decision.\n We can send twice as many settlers to the region and expect that those countries leave, although we could get in trouble with them.;;;;Nuestros exploradores en La Patagonia informan que otras naciones han establecido asentamientos en la región, una de ellas es una Gran Potencia. Es posible que establezcan ciudades antes que nosotros, así que debemos tomar una decisión.\n Podemos enviar el doble de colonos a la región y esperar que esos países se vayan, aunque podríamos tener problemas con ellos.;;;;;;;;x
EVTOPTA47;Send twice as many new groups of settlers;;;;Enviar el doble de colonizadores;;;;;;;;x
EVTOPTB47;There's no need to hurry, let's decide later;;;;No hay necesidad de apurarse, decidamos más tarde;;;;;;;;x
EVTOPTC47;Withdraw and avoid problems.;;;;Retirarse y evitar problemas;;;;;;;;x
EVTNAME48;Success in La Patagonia;;;;Éxito en La Patagonia;;;;;;;;x
EVTDESC48;The settlement has been a success, now it is a functional and safe city for our people. The new region is going to be incorporated into our country.\n \n           Glory to our nation;;;;El asentamiento ha sido un éxito, ahora es una ciudad funcional y segura para nuestra gente. La nueva región se incorporará a nuestro país.\n \n         Gloria a nuestra nación;;;;;;;;x
EVTOPTA48;Glory to our nation!;;;;¡Gloria a nuestra nación!;;;;;;;;x
EVTNAME49;Explore Hail desert;;;;Explorar desierto del Hail;;;;;;;;x
EVTDESC49;The Arab Desert region is an unexplored area with difficult climates and terrain, inhabited by nomads and tribes.\n Now, we have a group of explorers ready to leave, they only need money for supplies, although it depends on how much money the national budget has.\n This is a great opportunity for our nation to expand its borders since neighboring countries also have an interest in the region. We can make the decision to send them right now and get advantage or wait for a healthier economical moment.Neither is it necessary to expand our nation even more, we have more important business to do at this time;;;;La región del desierto árabe es una zona inexplorada con climas y terrenos difíciles, habitada por nómadas y tribus.\n Ahora tenemos un grupo de exploradores listos para partir, solo necesitan dinero para suministros, aunque depende de cuánto dinero tengamos en nuestro presupuesto nacional.\n Esta es una gran oportunidad para que nuestra nación expanda sus fronteras ya que los países vecinos también tienen interés en la región. Podemos tomar la decisión de enviarlos ahora mismo y sacar ventaja o esperar un momento económico más saludable.;;;;;;;;x
EVTOPTA49;Send explorer now;;;;Enviar exploradores ahora;;;;;;;;x
EVTOPTB49;Maybe later;;;;Mejor después;;;;;;;;x
EVTNAME50;We need to send more colonists;;;;Necesitamos enviar mas colonos;;;;;;;;x
EVTDESC50;Our explorers in the Hail Desert report that other nations have established settlements in the region, one of those is a Great Power. It is possible that they establish cities before us so we must make a decision.\n We can send twice as many settlers to the region and expect that those countries leave, although we could get in trouble with them.;;;;Nuestros exploradores en el Desierto del Hail informan que otras naciones han establecido asentamientos en la región, una de ellas es una Gran Potencia. Es posible que establezcan ciudades antes que nosotros, así que debemos tomar una decisión.\n Podemos enviar el doble de colonos a la región y esperar que esos países se vayan, aunque podríamos tener problemas con ellos.;;;;;;;;x
EVTOPTA50;Send twice as many new groups of settlers;;;;Enviar el doble de colonizadores;;;;;;;;x
EVTOPTB50;There's no need to hurry, let's decide later;;;;No hay necesidad de apurarse, decidamos más tarde;;;;;;;;x
EVTOPTC50;Withdraw and avoid problems.;;;;Retirarse y evitar problemas;;;;;;;;x
EVTNAME51;Success in Hail;;;;Éxito en Hail;;;;;;;;x
EVTDESC51;The settlement has been a success, now it is a functional and safe city for our people. The new region is going to be incorporated into our country.\n \n           Glory to our nation;;;;El asentamiento ha sido un éxito, ahora es una ciudad funcional y segura para nuestra gente. La nueva región se incorporará a nuestro país.\n \n         Gloria a nuestra nación;;;;;;;;x
EVTOPTA51;Glory to our nation!;;;;¡Gloria a nuestra nación!;;;;;;;;x
EVTNAME52;Explore Nejd desert;;;;Explorar desierto del Nejd;;;;;;;;x
EVTDESC52;The Arab Desert region is an unexplored area with difficult climates and terrain, inhabited by nomads and tribes.\n Now, we have a group of explorers ready to leave, they only need money for supplies, although it depends on how much money the national budget has.\n This is a great opportunity for our nation to expand its borders since neighboring countries also have an interest in the region. We can make the decision to send them right now and get advantage or wait for a healthier economical moment.Neither is it necessary to expand our nation even more, we have more important business to do at this time;;;;La región del desierto árabe es una zona inexplorada con climas y terrenos difíciles, habitada por nómadas y tribus.\n Ahora tenemos un grupo de exploradores listos para partir, solo necesitan dinero para suministros, aunque depende de cuánto dinero tengamos en nuestro presupuesto nacional.\n Esta es una gran oportunidad para que nuestra nación expanda sus fronteras ya que los países vecinos también tienen interés en la región. Podemos tomar la decisión de enviarlos ahora mismo y sacar ventaja o esperar un momento económico más saludable.;;;;;;;;x
EVTOPTA52;Send explorer now;;;;Enviar exploradores ahora;;;;;;;;x
EVTOPTB52;Maybe later;;;;Mejor después;;;;;;;;x
EVTNAME53;We need to send more colonists;;;;Necesitamos enviar mas colonos;;;;;;;;x
EVTDESC53;Our explorers in the Nejd Desert report that other nations have established settlements in the region, one of those is a Great Power. It is possible that they establish cities before us so we must make a decision.\n We can send twice as many settlers to the region and expect that those countries leave, although we could get in trouble with them.;;;;Nuestros exploradores en el Desierto del Nejd informan que otras naciones han establecido asentamientos en la región, una de ellas es una Gran Potencia. Es posible que establezcan ciudades antes que nosotros, así que debemos tomar una decisión.\n Podemos enviar el doble de colonos a la región y esperar que esos países se vayan, aunque podríamos tener problemas con ellos.;;;;;;;;x
EVTOPTA53;Send twice as many new groups of settlers;;;;Enviar el doble de colonizadores;;;;;;;;x
EVTOPTB53;There's no need to hurry, let's decide later;;;;No hay necesidad de apurarse, decidamos más tarde;;;;;;;;x
EVTOPTC53;Withdraw and avoid problems.;;;;Retirarse y evitar problemas;;;;;;;;x
EVTNAME54;Success in Nejd;;;;Éxito en Nejd;;;;;;;;x
EVTDESC54;The settlement has been a success, now it is a functional and safe city for our people. The new region is going to be incorporated into our country.\n \n           Glory to our nation;;;;El asentamiento ha sido un éxito, ahora es una ciudad funcional y segura para nuestra gente. La nueva región se incorporará a nuestro país.\n \n         Gloria a nuestra nación;;;;;;;;x
EVTOPTA54;Glory to our nation!;;;;¡Gloria a nuestra nación!;;;;;;;;x
EVTNAME55;The country is falling apart;;;;El país se desmorona.;;;;;;;;x
EVTDESC55;The recent crisis is leaving a state of anarchy and desperation, the people is dying, fighting between them and they want your head. Now, my leader, you need to form a personal army and defend your position against your people but you need to keep happy the upper house and aristocrats or they may betray you.\n Take off the people goods and escape until the crisis ends.;;;;La reciente crisis está dejando un estado de anarquía y desesperación, la gente está muriendo, luchando entre ellos y ahora quieren tu cabeza.\n Ahora, mi líder, debe formar un ejército personal y defender su posición contra su gente, pero debe mantener contentos a la cámara alta y los aristócratas o pueden traicionarlo.\n Quitale los bienes de la gente y escondete hasta que termine la crisis.;;;;;;;;x
EVTOPTA55;Take all you can and leave;;;;Tomar todo lo que se pueda y huir;;;;;;;;x
EVTNAME56;Independence Sentiments;;;;Sentimientos de Independencia;;;;;;;;x
EVTDESC56;The people are asking for independence, we cannot pretend that we are deaf and blind, we must make a decision before a revolution starts.;;;;La gente pide independencia, no podemos fingir que somos sordos y ciegos, debemos tomar una decisión antes de que comience una revolución.;;;;;;;;x
EVTOPTA56;We want independence;;;;Queremos independencia;;;;;;;;x
EVTOPTB56;We need the protection from our Overlord;;;;Necesitamos la protección de nuestro Señor;;;;;;;;x
EVTNAME57;The End of the Confederation;;;;El Final de la Confederación;;;;;;;;x
EVTDESC57;Once the war ended and our president was exiled, we have no choice but to dismantle the confederation and give rise to the Republic of Bolivia.;;;;Una vez que terminó la guerra y nuestro presidente fue exiliado, no nos queda más remedio que desmantelar la confederación y dar lugar a la República de Bolivia.;;;;;;;;x
EVTOPTA57;Dismantle the confederation;;;;Disolver la confederación;;;;;;;;x
EVTNAME58;La Liga Filipina;La Liga Filipina;La Liga Filipina;;La Liga Filipina;;;;;;;;x
EVTDESC58;La Liga Filipina was a secret organization. It was founded by José Rizal in the house of Doroteo Ongjunco at Ilaya Street, Tondo, Manila on July 3, 1892.\n The organization derived from La Solidaridad and the Propaganda movement. The purpose of La Liga Filipina was to build a new group that sought to involve the people directly in the reform movement.;;;;La Liga Filipina era una organización secreta. Fue fundada por José Rizal en la casa de Doroteo Ongjunco en la calle Ilaya, Tondo, Manila el 3 de julio de 1892.\n La organización deriva de La Solidaridad y el movimiento Propaganda. El propósito de La Liga Filipina era construir un nuevo grupo que buscara involucrar a la gente directamente en el movimiento de reforma.;;;;;;;;x
EVTOPTA58;Avoid problems and leave the islands;;;;Evitar problemas y dejar las islas;;;;;;;;x
EVTNAME59;Powers Intervention;;;;Intervención de las potencias;;;;;;;;x
EVTDESC59;The Powers show interest in taking control of our country which lies in total destruction and chaos. It seems that the rest of the Powers agree to carry out an organized intervention and seek to begin relations with the leaders of the national rebel groups to carry out joint actions.;;;;Las Potencias muestran interés en tomar el control de nuestro país el cual yace en total destrucción y caos. Parece ser que en resto de Poderes están de acuerdo para realizar una intervención organizada y buscan comenzar relaciones con los líderes de los grupos rebeldes nacionales para realizar acciones conjuntas.;;;;;;;;x
EVTOPTA59;The rebels have contacted a Power;;;;Los rebeldes han contactado con una Potencia;;;;;;;;x
EVTNAME60;A new government;;;;Un nuevo gobierno;;;;;;;;x
EVTDESC60;The previous corrupt and tyrant government has been removed, now we must seek the establishment of a new government that gives us peace and prosperity.;;;;El anterior gobierno corrupto y tirano ha sido removido, ahora debemos buscar el establecimiento de un nuevo gobierno que nos brinde paz y prosperidad.;;;;;;;;x
EVTOPTA60;Request a new way of government;;;;Pedir una nueva forma de gobierno;;;;;;;;x
EVTNAME61;Establish a new government for $FROMCOUNTRY$;;;;Establecer nuevo gobierno para $FROMCOUNTRY$;;;;;;;;x
EVTDESC61;Our vassal is requesting us to establish a new government for them.;;;;Nuestro vasallo nos pide que establezcamos un nuevo gobierno para ellos.;;;;;;;;x
EVTOPTA61;Establish a democracy;;;;Establecer una Democracia;;;;;;;;x
EVTOPTB61;Establish a parliamentary monarchy;;;;Establecer una Monarquía Parlamentaria;;;;;;;;x
EVTOPTC61;Establish a communist government;;;;Establecer un Gobierno Comunista;;;;;;;;x
EVTOPTD61;Establish a fascist government;;;;Establecer un Gobierno Fascista;;;;;;;;x
EVTOPTE61;Establish an appointed governor;;;;Establecer un Virrey;;;;;;;;x
EVTOPTF61;Establish a Republic;;;;Establecer una Republica;;;;;;;;x
EVTNAME63;Chiapas Resolution;;;;La Resolución de Chiapas;;;;;;;;x
EVTDESC63;Chiapas, as former constituent territory of the Guatemalan audience, was invited to join the Mexican Republic. Political elites in the province were torn between returning to Guatemala or federating with Mexico.\n The internal disputes were resolved with the dissolution of the Provisional Supreme Board of Chiapas and the consequent permanence of Chiapas with Mexico on September 14, 1824.;;;;Chiapas, como antiguo territorio constituyente de la audiencia de Guatemala, fue invitada a unirse a la república mexicana. Las élites políticas en la provincia se hallaban divididas entre volver a Guatemala o federarse con México.\n Las disputas internas se resolvieron con la disolución de la Junta Suprema Provisional de Chiapas y la consecuente permanencia chiapaneca en México el 14 de septiembre de 1824.;;;;;;;;x
EVTOPTA63;Vote to join Mexico;;;;Votar a favor de unirse a México;;;;;;;;x
EVTOPTB63;Vote to stay with Guatemala;;;;Votar a favor de Guatemala;;;;;;;;x
EVTNAME64;Morazan Act;;;;Acta de Morazan;;;;;;;;x
EVTDESC64;The liberal-dominated Assembly elected Manuel José Arce as president but he soon turned against his own faction and dissolved the Assembly. San Salvador rose in revolt against federal authority. Honduras and Nicaragua joined the rebellion and Arce was deposed in 1829. The victors led by the Honduran Francisco Morazán took power and Morazán was proclaimed president in 1830.;;;;La Asamblea, dominada por los liberales, eligió a Manuel José Arce como presidente, pero pronto se volvió contra su propia facción y disolvió la Asamblea. San Salvador se rebeló contra la autoridad federal. Honduras y Nicaragua se unieron a la rebelión y Arce fue depuesto en 1829. Los vencedores liderados por el hondureño Francisco Morazán tomaron el poder y Morazán fue proclamado presidente en 1830.;;;;;;;;x
EVTOPTA64;Declare the state of peace and claim Belize;;;;Declarar la paz y reclamar Belice;;;;;;;;x
EVTNAME65;Francisco Morazan is exiled;;;;Francisco Morazan es exiliado;;;;;;;;x
EVTDESC65;The Assembly in 1838 adjourned with the declaration that the provinces were free to rule themselves as the Federal Republic dissolved. In 1839 Morazán was exiled as rebels from Guatemala, Honduras and Nicaragua entered San Salvador, evicting the governing institutions that held the region together.;;;;La Asamblea en 1838 aplazó la sesión con la declaración de que las provincias eran libres de gobernarse a sí mismas cuando la República Federal se disolviera. En 1839 Morazán fue exiliado cuando rebeldes de Guatemala, Honduras y Nicaragua entraron en San Salvador, desalojando a las instituciones gobernantes que mantenían unida a la región.;;;;;;;;x
EVTOPTA65;The church and religion is first;;;;La iglesia y la religión son primero;;;;;;;;x
EVTNAME66;Become Guatemala;;;;Convertirse en Guatemala;;;;;;;;x
EVTDESC66;The dream of a united Central America has died. The other provinces were too concerned about being dominated by Guatemala to realise the sacrifices we had made to keep the union alive. Well no more. We are done with them. Guatemala will find its own destiny.;Le rêve d'une Amérique centrale unie a volé en éclats. Les autres provinces étaient trop inquiètes par une éventuelle domination du Guatemala pour comprendre les sacrifices concédés pour préserver l'union. Eh bien, voilà. On a en fini avec elles. Le Guatemala trouvera son propre destin.;Der Traum eines vereinigten Zentralamerikas ist tot. Die anderen Provinzen waren zu sehr mit der Dominanz Guatemalas beschäftigt, um sich der Opfer gewahr zu werden, die wir zur Beibehaltung der Union gebracht hatten. Jetzt ist es genug. Wir sind fertig mit ihnen. Guatemala wird seine eigenes Schicksal schmieden.;;El sueño de una América Central unida ha muerto. A las demás naciones les preocupaba demasiado la posición dominante de Guatemala como para comprender los sacrificios que hemos tenido que hacer para mantener la unión con vida. Pues se acabó. Que se vayan al Infierno. Guatemala buscará su propio camino.;;;;;;;;x
EVTOPTA66;Dismantle the USCA;;;;Disolver la República de Centroamérica;;;;;;;;x
EVTNAME67;Aprilsko vastanie;Aprilsko vastanie;Aprilsko vastanie;;Aprilsko vastanie;;;;;;;;x
EVTDESC67;The April Uprising was an insurrection organised by the Bulgarians in the Ottoman Empire from April to May 1876, which was brutally suppressed. It indirectly resulted in the re-establishment of Bulgaria in 1878.\n The regular Ottoman Army and irregular bashi-bazouk units brutally suppressed the rebels, resulting in a public outcry in Europe, with many famous intellectuals condemning the atrocities by the Ottomans and supporting the oppressed Bulgarian population.;;;;El Levantamiento de Abril fue una insurrección organizada por los búlgaros en el Imperio Otomano de abril a mayo de 1876, que fue brutalmente reprimida. Indirectamente resultó en el restablecimiento de Bulgaria en 1878.\n El ejército otomano regular y las unidades bashi-bazouk irregulares reprimieron brutalmente a los rebeldes, lo que provocó una protesta pública en Europa, con muchos intelectuales famosos que condenaron las atrocidades de los otomanos y apoyaron la población búlgara oprimida.;;;;;;;;x
EVTOPTA67;The nationalist movement has been unleashed;;;;El movimiento nacionalista se ha desatado;;;;;;;;x
EVTNAME68;Albanian nationalism;;;;Nacionalismo en Albania;;;;;;;;x
EVTDESC68;Historicaly, Albania remained under Ottoman control as part of the province of Rumelia until 1912, with some interruptions during the 18th and 19th century with the establishment of the autonomy Albanian minded lords.\n The first independent Albanian state was founded by the Albanian Declaration of Independence following a short occupation by the Kingdom of Serbia.;;;;Históricamente, Albania permaneció bajo el control otomano como parte de la provincia de Rumelia hasta 1912, con algunas interrupciones durante los siglos XVIII y XIX con el establecimiento de los señores autónomos de mentalidad albanesa.\n El primer estado independiente de Albania fue fundado por la Declaración de Albania de Independencia tras una breve ocupación del Reino de Serbia.;;;;;;;;x
EVTOPTA68;The nationalist movement has been unleashed;;;;El movimiento nacionalista se ha desatado;;;;;;;;x
EVTNAME69;The End of Austria-Hungary;;;;El Final de Austria-Hungría;;;;;;;;x
EVTDESC69;On September 10th of 1919, after the end of the WWI, the Saint-Germain-en-Laye was signed and stablish the end of the Austro-Hungary Empire and setting the new Austrian republic and the end of the Habsburg dynasty.\n Now, we have lost control over Hungary and lost this important war, there is no another option to save our country, long live to Austria.;;;;El 10 de septiembre de 1919, después del final de la Primera Guerra Mundial, se firmó el Saint-Germain-en-Laye y se estableció el fin del Imperio Austro-Hungaro y el establecimiento de la nueva república austriaca y el fin de la dinastía Habsburgo.\n Ahora , hemos perdido el control sobre Hungría y perdido esta importante guerra, no hay otra opción para salvar nuestro país, viva Austria.;;;;;;;;x
EVTOPTA69;Disolve the dual monarchy;;;;Disolver la monarquía dual;;;;;;;;x
EVTNAME98;Kurofune Raikou;Kurofune Raikou;Kurofune Raikou;;Kurofune Raikou;;;;;;;;x
EVTDESC98;Kurofune Raikou, arrival of the black ships, was a diplomatic and military expedition to the Tokugawa Shogunate, involving two separate voyages by warships of the United States Navy which took place during 185354 under the command of Commodore Matthew Calbraith Perry.\n Perry finally reached Uraga at the entrance to Edo Bay in Japan on 8 July 1853. His fleet at this time consisted of four vessels. As he arrived, Perry ordered his ships to steam past Japanese lines towards the capital of Edo, and position their guns towards the town of Uraga. He also fired shots from his 73 cannons, which he claimed was in celebration of the American Independence Day.\n He also presented the Japanese with a white flag and a letter which told them that in case they chose combat, the Americans would necessarily vanquish them.\n Finally, on 31 March, Perry signed the Convention of Kanagawa which opened the ports of Shimoda and Hakodate to American ships, provided for care of shipwrecked sailors, and the establishment of an American consulate in Shimoda.;;;;Kurofune Raikou ó llegada de los barcos negros, fue una expedición diplomática y militar al Shogunato Tokugawa, que incluyó dos viajes separados por buques de guerra de la Armada de los Estados Unidos que tuvieron lugar durante 1853-1854 bajo el mando del comodoro Matthew Calbraith Perry.\n Perry finalmente llegó a Uraga a la entrada de la bahía de Edo en Japón el 8 de julio de 1853. Su flota en ese momento consistía en cuatro barcos. Cuando llegó, Perry ordenó a sus barcos que pasaran por las líneas japonesas hacia la capital de Edo y posicionaran sus armas hacia la ciudad de Uraga. También disparó con sus 73 cañones, que afirmó que era en celebración del Día de la Independencia de Estados Unidos.\n También presentó a los japoneses una bandera blanca y una carta que les decía que en caso de que eligieran el combate, los estadounidenses acabarían ellos.\n Finalmente, el 31 de marzo, Perry firmó el Tratado de Kanagawa que abrió los puertos de Shimoda y Hakodate a los barcos estadounidenses, así como el cuidado de los marineros náufragos y el establecimiento de un consulado estadounidense en Shimoda.;;;;;;;;x
EVTOPTA98;Accept the Treaty of Kanagawa;;;;Acepta el Tratado de Kanagawa;;;;;;;;x
EVTOPTB98;Kick out the barbarians;;;;Expulsar a los barbaros occidentales;;;;;;;;x
EVTNAME101;Japanese Philosophy;;;;Filosofía Japonesa;;;;;;;;x
EVTDESC101;The Tokugawa shogunate has maintained peace on the island for more than two centuries, aided by a strong-arm philosophy, information control, and isolation from the rest of the world.\n Although this has worked all this time, Western countries are getting closer to our borders and show they have better technology and military power than ours. Continuing with the philosophy of the Tokugawa Shogun will generate us a huge risk from the threat of foreigners.\n It is time to decide whether we will continue to support the shogun or not.;;;;El shogunato de Tokugawa ha mantenido la paz en la isla durante más de dos siglos, ayudado con una filosofía de mano dura, control de información y aislamiento respecto al resto del mundo.\n Aunque esto ha funcionado durante todo este tiempo, los países occidentales cada vez se acercan más a nuestras fronteras y muestran poseer mejor tecnología y poder militar que el nuestro. Seguir con la filosofía del shogun de Tokugawa nos generará un enorme riesgo ante la amenaza de los extranjeros.\n Es momento de decidir si seguiremos apoyando al shogun o no.;;;;;;;;x
EVTOPTA101;Change the philosophy;;;;Cambiar de filosofía;;;;;;;;x
EVTOPTB101;Keep the shogunate philosophy;;;;Mantener la filosofía del Shogun;;;;;;;;x
EVTNAME102;Shogunate's philosophy;;;;Filosofía del Shogun;;;;;;;;x
EVTDESC102;Foreign influence threatens to affect the consciousness and stability of our domains, it is necessary to take protective actions and repel those liberal ideas that Westerners profess. We cannot let our great shogunate that has stood for centuries be destroyed by false ideas and mentalities.;;;;La influencia extranjera amenaza con afectar la conciencia y estabilidad de nuestros dominios, es necesario realizar acciones de protección y repeler esas ideas liberales que profesan los occidentales. No podemos dejar que nuestro gran shogunato que se ha mantenido durante siglos sea destruido por falsas ideas y mentalidades.;;;;;;;;x
EVTOPTA102;Keep the shogunate philosophy;;;;Mantener la filosofía del Shogun;;;;;;;;x
EVTNAME103;The Meiji Restoration;La restauration Meiji;Die Meiji-Restoration;;La restauración Meiji;;;;;;;;x
EVTDESC103;Japan is traditionally considered to have been founded by Emperor Jimmu in 660 B.C., and while the Imperial Lineage was still considered unbroken since then, the Imperial Office had, throughout the Edo period, been reduced to a revered and respected but, ultimately, politically powerless institution. By embracing a restoration of Imperial Rule, along with a programme of swift industrial modernization, constitutionalism and economic freedom, Japan might be able to break the fetters placed upon her by the impositions of the Western World.;Selon la tradition, le Japon aurait été fondé par l'empereur Jimmu en 660 avant notre ère et tandis que la lignée impériale était toujours considérée comme ininterrompue, le Bureau impérial avait lui, pendant toute la période Edo, été réduit à une vénérée et respectée institution en définitive politiquement impuissante. Moyennant le rétablissement du règne impérial, ainsi que la mise ne place d'un vaste programme de modernisation industrielle, de constitutionalisme et de liberté économique, le Japon devrait pouvoir rompre les fers que lui a imposé le monde occidental.;Die Gründung Japans wird üblicherweise dem Kaiser Jimmu im Jahr 660 v.Chr. zugeschrieben, und obwohl die kaiserliche Abstammungslinie seitdem ununterbrochen ist, würde das Kaiseramt während der Edo-Zeit kontinuierlich zu einer verehrten und respektierten, aber letztendlich machtlosen politischen Institution reduziert. Durch die Restauration der kaiserlichen Herrschaft im Einklang einem Programm für rasche industrielle Modernisierung, Konstitutionalismus und Gewerbefreiheit könnte Japan die Fesseln sprengen, die ihm von der westlichen Welt angelegt wurden.;;Tradicionalmente, se considera que Japón fue fundado por el emperador Jimmu en el año 660 a. de.C. y, aunque el linaje imperial se considera ininterrumpido desde entonces, a lo largo del período Edo, la función del Emperador fue reducida a una institución venerada y respetada pero carente de poder político. Al adoptar la restauración del gobierno imperial, junto a un programa de rápida modernización industrial, constitucionalismo y libertad económica, Japón puede ser capaz de romper las cadenas de las imposiciones del mundo occidental.;;;;;;;;x
EVTOPTA103;Defend the Shogunate;;;;Defender el Shogunato;;;;;;;;x
EVTNAME104;Ezo Republic;;;;La República de Ezo;;;;;;;;x
EVTDESC104;The Ezo Republic was a short-lived state established in 1869 by a part of the former Tokugawa military on the island of Ezo, now known as Hokkaido. Ezo is notable for being the first government to attempt to institute democracy in Japan, though voting was allowed only to the samurai caste. The Republic of Ezo existed for only 5 months.;;;;La República Ezo fue un estado de corta duración establecido en 1869 por una parte del antiguo ejército Tokugawa en la isla de Ezo, ahora conocida como Hokkaido. Ezo se destaca por ser el primer gobierno en intentar instituir la democracia en Japón, aunque solo se permitía votar a la casta samurái. La República de Ezo existió solo durante 5 meses.;;;;;;;;x
EVTOPTA104;Celebrate elections;;;;Celebrar elecciones;;;;;;;;x
EVTNAME105;Yucatan Independence Declaration;;;;Yucatán se declara independiente;;;;;;;;x
EVTDESC105;The second Republic of Yucatan began in 1841, with its declaration of independence from the Centralist Republic of Mexico. It remained independent for seven years, after which it rejoined to Mexico.\n The federal army of Yucatan, commanded by Captain Santiago Imán, took the city of Valladolid and on February 12, 1840 issued a report, which stated that federalism should be restored as a form of government to combat poverty in the country.\n The act required the reestablishment of the Mexican Constitution of 1824. Six days later, in the presence of troops of the garrison of Merida, Captain Santiago Imán proclaimed the independence of the Yucatecan territory.;;;;La Segunda República de Yucatán comenzó en 1841, con su declaración de independencia de la República Centralista de México. Se mantuvo independiente durante siete años, luego de lo cual se reincorporó a México.\n El ejército federal de Yucatán, comandado por el capitán Santiago Imán, tomó la ciudad de Valladolid y el 12 de febrero de 1840 emitió un informe en el que se decía que se debía restaurar el federalismo como forma de gobierno para combatir la pobreza en el país.\n La demanda requería el restablecimiento de la Constitución mexicana de 1824. Seis días después, en presencia de tropas de la guarnición de Mérida, el capitán Santiago Imán proclamó la independencia de los yucatecos. territorio.;;;;;;;;x
EVTOPTA105;Restore order;;;;Restaurar el orden;;;;;;;;x
EVTNAME106;Rio Grande Independece Declaration;;;;Rio Grande se declara independiente;;;;;;;;x
EVTDESC106;The Republic of the Rio Grande was an independent nation that insurgents fighting against the Centralist Republic of Mexico sought to establish in northern Mexico.\n On the 17 January 1840 a meeting was held at the Oreveña Ranch near Laredo. A group of notables from the states of Coahuila, Nuevo León, and Tamaulipas advocated for a rebellion seeking secession from Mexico and formation of their own federal republic with Laredo as the capital. However, those states' own congresses and governments never took any action to support the insurgents, and requested the help of the Central government in Mexico City to aid the local state armies. Despite the lack of support from the state governments, the Republic of the Rio Grande was formed.;;;;La República del Río Grande era una nación independiente que los insurgentes que luchaban contra la República Centralista de México buscaban establecer en el norte de México.\n El 17 de enero de 1840 se realizó una reunión en el Rancho Oreveña cerca de Laredo. Un grupo de notables de los estados de Coahuila, Nuevo León y Tamaulipas abogó por una rebelión que buscara la secesión de México y la formación de su propia república federal con Laredo como capital. Sin embargo, los propios congresos y gobiernos de esos estados nunca tomaron ninguna medida para apoyar a los insurgentes y solicitaron la ayuda del gobierno central en la Ciudad de México para ayudar a los ejércitos estatales locales. A pesar de la falta de apoyo de los gobiernos estatales, se formó la República del Río Grande.;;;;;;;;x
EVTOPTA106;Restore order;;;;Restaurar el orden;;;;;;;;x
EVTNAME107;Rabih Attacks Bornu;;;;Rabih ataca Bornu;;;;;;;;x
EVTDESC107;Rabih az-Zubayr ibn Fadl Allah was a Sudanese warlord and slave trader who established a powerful empire east of Lake Chad, in today's Chad.\n In 1893, Rabih turned his attentions to the Bornu Empire of King Ashimi of Bornu.\n King Ashimi went north of the Komadougou Yobe from where he may have tried to negotiate with Rabih, but he was assassinated at the instigation of his nephew Kyari, who then became king and decided to fight Rabih.\n After a victorious counter-offensive, Kyari, who had refused to flee, was captured and beheaded and Rabih became the new King of Bornu.;;;;Rabih az-Zubayr ibn Fadl Allah fue un señor de la guerra y comerciante de esclavos sudanés que estableció un poderoso imperio al este del lago Chad, en el actual Chad.\n En 1893, Rabih dirigió su atención al Imperio Bornu del rey Ashimi de Bornu.\n El rey Ashimi fue al norte del Komadougou Yobe desde donde pudo haber intentado negociar con Rabih, pero fue asesinado por instigación de su sobrino Kyari quien luego se convirtió en rey y decidió luchar contra Rabih.\n Después de una contraofensiva victoriosa, Kyari, quien se había negado a huir, fue capturado y decapitado y Rabih se convirtió en el nuevo rey de Bornu.;;;;;;;;x
EVTOPTA107;Try to defend the borders;;;;Proteger las fronteras;;;;;;;;x
EVTNAME108;The Sultan Sayyid Said is Dead;;;;El Sultán Sayyid Said ha Muerto;;;;;;;;x
EVTDESC108;Said recognized Zanzibar's suitable climate and soil for the cultivation of cloves, an essential meat preservative used in Europe prior to the invention of refrigerators.\n Said brought renewed prosperity to Oman and Zanzibar through these plantations and Arab-Indian alliance until his death in 1856.\n After his death, the alliance deteriorated due to British interference, succession disputes, and political arguments.\n Following Said's death, his realm was divided. His third son, Thuwaini bin Said, became Sultan of Oman while his sixth son, Sayyid Majid bin Said, became the Sultan of Zanzibar.;;;;Said reconoció el clima y el suelo adecuados de Zanzíbar para el cultivo de clavo, un conservante esencial de la carne utilizado en Europa antes de la invención de los refrigeradores.\n Said trajo una renovada prosperidad a Omán y Zanzíbar a través de estas plantaciones y la alianza árabe-india hasta su muerte en 1856.\n Después de su muerte, la alianza se deterioró debido a la interferencia británica, las disputas de sucesión y los argumentos políticos.\n Después de la muerte de Said, su reino se dividió. Su tercer hijo, Thuwaini bin Said, se convirtió en sultán de Omán, mientras que su sexto hijo, Sayyid Majid bin Said, se convirtió en sultán de Zanzíbar.;;;;;;;;x
EVTOPTA108;Divide the country and become Sultan of Oman;;;;Dividir el país y ser Sultán de Omán;;;;;;;;x
EVTOPTB108;Divide the country and become Sultan of Zanzibar;;;;Dividir el país y ser Sultán de Zanzíbar;;;;;;;;x
EVTNAME109;Nationalism in the Island;;;;Nacionalismo en la Isla;;;;;;;;x
EVTDESC109;On July 16, 1838, Juan Pablo Duarte together with Pedro Alejandrino Pina, Juan Isidro Pérez, Félix María Ruiz and others founded a secret society called La Trinitaria to win independence from Haiti. A short time later, they were joined by Ramon Matias Mella, and Francisco del Rosario Sanchez. In 1843 they allied with a Haitian movement in overthrowing Boyer.\n Because they had revealed themselves as revolutionaries working for Dominican independence, the new Haitian president, Charles Riviere-Herard, exiled or imprisoned the leading Trinitarios. At the same time, Buenaventura Báez, an deputy in the Haitian National Assembly, was negotiating with the French Consul-General for the establishment of a French protectorate. In an uprising timed to preempt Baez, on February 27, 1844, the Trinitarios declared independence from Haiti.;;;;El 16 de julio de 1838, Juan Pablo Duarte junto con Pedro Alejandrino Pina, Juan Isidro Pérez, Félix María Ruiz y otros fundaron una sociedad secreta llamada La Trinitaria para lograr la independencia de Haití. Poco tiempo después, se les unieron Ramón Matías Mella y Francisco del Rosario Sánchez. En 1843 se aliaron con un movimiento haitiano para derrocar a Boyer.\n Debido a que se habían revelado como revolucionarios que trabajaban por la independencia dominicana, el nuevo presidente haitiano, Charles Rivière-Hérard, exilió o encarceló a los principales trinitarios. Al mismo tiempo, Buenaventura Báez, diputado de la Asamblea Nacional de Haití, negociaba con el Cónsul General de Francia el establecimiento de un protectorado francés. En un levantamiento programado para adelantarse a Báez, el 27 de febrero de 1844, los Trinitarios declararon su independencia de Haití.;;;;;;;;x
EVTOPTA109;Dominican nationalism;;;;Nacionalismo Dominicano;;;;;;;;x
EVTNAME99;France attacks the port of Da Nang;;;;Francia ataca el puerto de Da Nang;;;;;;;;x
EVTDESC99;In 1847, French vessels dispatched by Admiral Cácille bombarded Da Nang, ostensibly on the grounds of persecution of Roman Catholic missionaries by Emperor Thieu Tri.\n In August 1858, again ostensibly on grounds of alleged persecution of Catholic missionaries,French troops led by Admiral Charles Rigault de Genouilly seized Da Nang Port as part of the punitive Cochinchina Campaign. The French overpowered the Vietnamese stationed in Da Nang, swiftly occupying the city. Da Nang, which the French called Tourane, and its port would remain in French hands until 1954.;;;;En 1847, los barcos franceses enviados por el almirante Cécille bombardearon Da Nang, aparentemente por motivos de persecución de los misioneros católicos por parte del emperador Thieu Tri.\n En agosto de 1858, de nuevo aparentemente por motivos de presunta persecución de misioneros católicos, las tropas francesas dirigidas por el almirante Charles Rigault de Genouilly tomaron el puerto de Da Nang como parte de la punitiva Campaña Cochinchina. Los franceses dominaron a los vietnamitas estacionados en Da Nang, ocupando rápidamente la ciudad.\n Da Nang, que los franceses llamaron Tourane, y su puerto permanecerían en manos francesas hasta 1954.;;;;;;;;x
EVTOPTA99;Defend our honor;;;;Defendamos nuestro honor;;;;;;;;x
EVTNAME111;Economic Imbalance Due to Opium Traffic;;;;Desequilibrio Económico por Tráfico de Opio;;;;;;;;x
EVTDESC111;In 1839, the Daoguang Emperor, rejecting proposals to legalise and tax opium, appointed viceroy Lin Zexu to go to Canton to halt the opium trade completely.\n Lin wrote an open letter to Queen Victoria, which she never saw, appealing to her moral responsibility to stop the opium trade. Lin then resorted to using force in the western merchants' enclave. He confiscated all supplies and ordered a blockade of foreign ships on the Pearl River. Lin also confiscated and destroyed a significant quantity of European opium.\n The British government responded by dispatching a military force to China and in the ensuing conflict, the Royal Navy used its naval and gunnery power to inflict a series of decisive defeats on the Chinese Empire, a tactic later referred to as gunboat diplomacy.;;;;En 1839, el emperador Daoguang, rechazando las propuestas de legalizar y gravar el opio, nombró al virrey Lin Zexu para que fuera a Cantón a detener por completo el comercio del opio.\n Lin escribió una carta abierta a la reina Victoria, que nunca vio, apelando a su responsabilidad moral de detener el comercio de opio. Lin luego recurrió al uso de la fuerza en el enclave de los comerciantes occidentales. Confiscó todos los suministros y ordenó el bloqueo de barcos extranjeros en el río Pearl. Lin también confiscó y destruyó una cantidad significativa de opio europeo.\n El gobierno británico respondió enviando una fuerza militar a China y, en el conflicto que siguió, la Royal Navy utilizó su poder naval y de artillería para infligir una serie de derrotas decisivas a los chinos.\n Esta táctica más tarde se denominó diplomacia de cañoneras.;;;;;;;;x
EVTOPTA111;Seize the british opium;;;;Confiscar el opio británico.;;;;;;;;x
EVTNAME112;Incorporation of Schleswig into the Confederation;;;;Incorporacion de Schleswig a la Confederacion;;;;;;;;x
EVTDESC112;After the first Schleswig-Holstein war, the German Confederation had high interest on Schleswig. A few scenarios were presented, one of them state that Schleswig and Holstein should both be incorporated into Prussia as a mere province, was hardly considered before or during the war of 1864. However, it was to be the outcome after the Austro-Prussian War two years later.;;;;Después de la primera guerra de Schleswig-Holstein, la Confederación alemana tenía un gran interés en Schleswig. Se presentaron algunos escenarios, uno de ellos afirma que Schleswig y Holstein deberían incorporarse a Prusia como una mera provincia, y apenas se consideró antes o durante la guerra de 1864. Sin embargo, iba a ser el resultado después de la Guerra Austro-Prusiana. dos años después.;;;;;;;;x
EVTOPTA112;Demand Schleswig unite to us;;;;Demanda a Schleswig que se nos una;;;;;;;;x
EVTNAME113;Decision over the Chaco Boreal;;;;Decisión acerca del Chaco Boreal;;;;;;;;x
EVTDESC113;The Gran Chaco had been a disputed territory since 1810. Officially, it was supposed to be part of Argentina, Bolivia, and Paraguay, although a bigger land portion west of the Paraguay River had belonged to Paraguay since its independence. Argentina claimed territories north of the Bermejo River until Paraguay's defeat in the War of the Triple Alliance in 1870 established its current border with Argentina with the diplomatic intervention of United States.;;;;El Gran Chaco había sido un territorio en disputa desde 1810. Oficialmente, se suponía que era parte de Argentina, Bolivia y Paraguay, aunque una porción de tierra más grande al oeste del río Paraguay había pertenecido a Paraguay desde su independencia. Argentina reclamó territorios al norte del río Bermejo hasta que la derrota de Paraguay en la Guerra de la Triple Alianza en 1870 estableció su actual frontera con Argentina con intervención diplomatica por los Estados Unidos.;;;;;;;;x
EVTOPTA113;Define the borders;;;;Definir fronteras;;;;;;;;x
EVTNAME114;Decision over Chaco Boreal;;;;Decisión sobre el Chaco Boreal;;;;;;;;x
EVTDESC114;The United States has intervened in the dispute over the Chaco Boreal region.\n Negotiations took place and we are now being demanded to hand over the region to its new owner.;;;;Estados Unidos ha intervenido en la disputa por la región del Chaco Boreal.\n Se llevaron a cabo negociaciones y ahora se nos exige que entreguemos la región a su nuevo propietario.;;;;;;;;x
EVTOPTA114;Concede the region;;;;Ceder la región;;;;;;;;x
EVTNAME115;Foreign Debt Issue;;;;Problema de Deuda Externa;;;;;;;;x
EVTDESC115;In 1860, due the mexican political war, the mexican president, Benito Juarez, decided the payment of debts must be suspended, this decision make some european power get mad, including United Kingdom, Spain and France.\n After a negociation, Spain and UK give a chance to Mexico, but France has another kind of plans.;;;;En 1860, con motivo de la guerra política mexicana, el presidente mexicano, Benito Juárez, decidió suspender el pago de las deudas, esta decisión enloqueció a algunas potencias europeas, entre ellas Reino Unido, España y Francia.\n Después de una negociación, España y Reino Unido le da una oportunidad a México, pero Francia tiene otro tipo de planes.;;;;;;;;x
EVTOPTA115;Suspend payments;;;;Suspender pagos;;;;;;;;x
EVTOPTB115;Pay debts;;;;Pagar deudas;;;;;;;;x
EVTNAME116;Ancient Chinese Philosophy;;;;Antigua Filosofía China;;;;;;;;x
EVTDESC116;For centuries China has been the cradle of unique traditions and philosophies, opening the door to foreign demons will only end up extinguishing our ancient culture. We must not accept the new western beliefs, we must maintain our own.;;;;Durante siglos, China ha sido la cuna de tradiciones y filosofías únicas, abrir la puerta a los demonios extranjeros solo terminará extinguiendo nuestra antigua cultura. No debemos aceptar las nuevas creencias occidentales, debemos mantener las nuestras.;;;;;;;;x
EVTOPTA116;Keep traditions;;;;Mantener tradiciones;;;;;;;;x
EVTNAME117;The Scramble for Africa;;;;El Reparto de África;;;;;;;;x
EVTDESC117;The Berlin Conference of 1884, which regulated European colonization and trade in Africa, is usually referred to as the starting point of the Scramble for Africa. There were considerable political and economic rivalries among the European empires in the last quarter of the 19th century.\n Partitioning Africa was effected largely without Europeans going to war. In the later years of the 19th century, the European nations transitioned from 'informal imperialism', exercising military influence and economic dominance to direct rule, bringing about colonial imperialism.\n Chancellor Otto von Bismarck proposed the 1884 Berlin Conference, which set the rules of effective control of a foreign territory.;;;;La Conferencia de Berlín de 1884, que reguló la colonización europea y el comercio en África, suele denominarse el punto de partida de la lucha por África. Habían considerables rivalidades políticas y económicas entre los imperios europeos en el último cuarto del siglo XIX.\n La partición de África se llevó a cabo en gran medida sin que los europeos fueran a la guerra. En los últimos años del siglo XIX, las naciones europeas pasaron del 'imperialismo informal', ejerciendo influencia militar y dominio económico, a un gobierno directo, lo que provocó el imperialismo colonial.\n El canciller Otto von Bismarck propuso la Conferencia de Berlín de 1884, que estableció las reglas de control efectivo de un territorio extranjero.;;;;;;;;x
EVTOPTA117;Accept the decision of von Bismark;;;;Aceptar la decisión de von Bismarck;;;;;;;;x
EVTNAME118;Remove the chinese influence;;;;Remover influencia china;;;;;;;;x
EVTDESC118;With our independence of China, we are free to follow our own philosophy;;;;Con nuestra independencia de China, ahora somos libre de seguir nuestra propia filosofía;;;;;;;;x
EVTOPTA118;Freedom!;;;;¡Libertad!;;;;;;;;x